stations_code, stations_naam,,,   
ac      ,Abcoude                        ,12032  ,12395  ,0
acdg    ,Airport Charles de Gaulle      ,12032  ,12395  ,0
ah      ,Arnhem Centraal                ,12032  ,12395  ,0
ahbf    ,Aachen Hbf                     ,12032  ,12395  ,0
ahp     ,Arnhem Velperpoort             ,12032  ,12395  ,0
ahpr    ,Arnhem Presikhaaf              ,12032  ,12395  ,0
ahz     ,Arnhem Zuid                    ,12032  ,12395  ,0
aime    ,Aime-la-Plagne                 ,12032  ,12395  ,0
aixtgv  ,Aix-en-Provence TGV            ,12032  ,12395  ,0
akl     ,Arkel                          ,12032  ,12395  ,0
akm     ,Akkrum                         ,12032  ,12395  ,0
albert  ,Albertville                    ,12032  ,12395  ,0
aless   ,Alessandria                    ,12032  ,12395  ,0
alm     ,Almere Centrum                 ,12032  ,12395  ,0
almb    ,Almere Buiten                  ,12032  ,12395  ,0
almm    ,Almere Muziekwijk              ,12032  ,12395  ,0
almo    ,Almere Oostvaarders            ,12032  ,12395  ,0
almp    ,Almere Parkwijk                ,12032  ,12395  ,0
amf     ,Amersfoort Centraal            ,12032  ,12395  ,0
amfs    ,Amersfoort Schothorst          ,12032  ,12395  ,0
aml     ,Almelo                         ,12032  ,12395  ,0
ampo    ,Almere Poort                   ,12032  ,12395  ,0
amr     ,Alkmaar                        ,12032  ,12395  ,0
amri    ,Almelo de Riet                 ,12032  ,12395  ,0
amrn    ,Alkmaar Noord                  ,12032  ,12395  ,0
amst    ,Amstetten NOE                  ,12032  ,12395  ,0
ana     ,Anna Paulowna                  ,12032  ,12395  ,0
andd    ,Antwerpen-Noorderdokken        ,12032  ,12395  ,0
apd     ,Apeldoorn                      ,12032  ,12395  ,0
apdm    ,Apeldoorn De Maten             ,12032  ,12395  ,0
apdo    ,Apeldoorn Osseveld             ,12032  ,12395  ,0
apg     ,Appingedam                     ,12032  ,12395  ,0
apn     ,Alphen a/d Rijn                ,12032  ,12395  ,0
are     ,Aachen Rothe Erde              ,12032  ,12395  ,0
arn     ,Arnemuiden                     ,12032  ,12395  ,0
asa     ,Amsterdam Amstel               ,12032  ,12395  ,0
asb     ,Amsterdam Bijlmer ArenA        ,12032  ,12395  ,0
asch    ,Aachen Schanz                  ,12032  ,12395  ,0
asd     ,Amsterdam Centraal             ,12032  ,12395  ,0
asdl    ,Amsterdam Lelylaan             ,12032  ,12395  ,0
asdm    ,Amsterdam Muiderpoort          ,12032  ,12395  ,0
asdn    ,Amsterdam Noord Metro          ,12103  ,12395  ,0
asdz    ,Amsterdam Zuid                 ,12032  ,12395  ,0
ashd    ,Amsterdam Holendrecht          ,12032  ,12395  ,0
ashfd   ,Ashford International          ,12032  ,12395  ,0
asn     ,Assen                          ,12032  ,12395  ,0
ass     ,Amsterdam Sloterdijk           ,12032  ,12395  ,0
assp    ,Amsterdam Science Park         ,12032  ,12395  ,0
atn     ,Aalten                         ,12032  ,12395  ,0
atw     ,Antwerpen-Centraal             ,12032  ,12395  ,0
atwlb   ,Antwerpen-Luchtbal             ,12032  ,12395  ,0
avat    ,Amersfoort Vathorst            ,12032  ,12395  ,0
avtgv   ,Avignon TGV                    ,12032  ,12395  ,0
aw      ,Aachen West                    ,12032  ,12395  ,0
badenz  ,Baden (CH)                     ,12032  ,12395  ,0
badsch  ,Bad Schandau                   ,12032  ,12395  ,0
baselb  ,Basel Bad Bf                   ,12032  ,12395  ,0
basels  ,Basel SBB                      ,12032  ,12395  ,0
bd      ,Breda                          ,12032  ,12395  ,0
bde     ,Bunde                          ,12032  ,12395  ,0
bdg     ,Bodegraven                     ,12032  ,12395  ,0
bdm     ,Bedum                          ,12032  ,12395  ,0
bdpb    ,Breda-Prinsenbeek              ,12032  ,12395  ,0
berch   ,Antwerpen-Berchem              ,12032  ,12395  ,0
berfl   ,Berlin-Schönefeld Flugh.       ,12032  ,12395  ,0
berhbl  ,Berlin Hbf                     ,12032  ,12395  ,0
berhbt  ,Berlin Hbf (tief)              ,12032  ,12395  ,0
berlig  ,Berlin-Gesundbrunnen (oud)     ,12032  ,9113  ,0
bersud  ,Berlin-Südkreuz (oud)          ,12032  ,9112  ,0
bet     ,Best                           ,12032  ,12395  ,0
beurs   ,Rotterdam Beurs                ,12032  ,12395  ,0
bf      ,Baflo                          ,12032  ,12395  ,0
bfbi    ,Berlin Brandenburg Flughafen   ,12032  ,12395  ,0
bgn     ,Bergen op Zoom                 ,12032  ,12395  ,0
bh      ,Bad Bentheim                   ,12032  ,12395  ,0
bhdv    ,Boven-Hardinxveld              ,12032  ,12395  ,0
bhf     ,Berlin Ostbahnhof              ,12032  ,12395  ,0
bhg     ,Bentheim Grens                 ,12032  ,12395  ,0
bhv     ,Bilthoven                      ,12032  ,12395  ,0
bielef  ,Bielefeld Hbf                  ,12032  ,12395  ,0
bischo  ,Bischofshofen                  ,12032  ,12395  ,0
bk      ,Beek-Elsloo                    ,12032  ,12395  ,0
bkf     ,Bovenkarspel Flora             ,12032  ,12395  ,0
bkg     ,Bovenkarspel-Grootebroek       ,12032  ,12395  ,0
bkl     ,Breukelen                      ,12032  ,12395  ,0
bl      ,Beilen                         ,12032  ,12395  ,0
bll     ,Bloemendaal                    ,12032  ,12395  ,0
bltm    ,Milmort                        ,12032  ,12395  ,0
bluden  ,Bludenz                        ,12032  ,12395  ,0
bmn     ,Brummen                        ,12032  ,12395  ,0
bmr     ,Boxmeer                        ,12032  ,12395  ,0
bn      ,Borne                          ,12032  ,12395  ,0
bnc     ,Barneveld Centrum              ,12032  ,12395  ,0
bnk     ,Bunnik                         ,12032  ,12395  ,0
bnn     ,Barneveld Noord                ,12032  ,12395  ,0
bnz     ,Barneveld Zuid                 ,12032  ,12395  ,0
bonn    ,Bonn Hbf                       ,12032  ,12395  ,0
bonnb   ,Bonn-Beuel (OUD)               ,12032  ,9113  ,0
bourg   ,Bourg-St-Maurice               ,12032  ,12395  ,0
bp      ,Buitenpost                     ,12032  ,12395  ,0
bpaf    ,Berlin Südkreuz                ,12032  ,12395  ,0
br      ,Blerick                        ,12032  ,12395  ,0
brauns  ,Braunschweig Hbf               ,12032  ,12395  ,0
brd     ,Barendrecht                    ,12032  ,12395  ,0
bremen  ,Bremen Hbf                     ,12032  ,12395  ,0
bressx  ,Bressoux                       ,12032  ,12395  ,0
brn     ,Baarn                          ,12032  ,12395  ,0
brusc   ,Brussel-Centraal               ,12032  ,12395  ,0
brusn   ,Brussel-Noord                  ,12032  ,12395  ,0
brusz   ,Brussel-Zuid/Midi              ,12032  ,12395  ,0
bsd     ,Beesd                          ,12032  ,12395  ,0
bsk     ,Boskoop                        ,12032  ,12395  ,0
bsks    ,Boskoop Snijdelwijk            ,12032  ,12395  ,0
bsmz    ,Bussum Zuid                    ,12032  ,12395  ,0
bspd    ,Berlin-Spandau                 ,12032  ,12395  ,0
btl     ,Boxtel                         ,12032  ,12395  ,0
buende  ,Bunde (Westf.)                 ,12032  ,12395  ,0
bv      ,Beverwijk                      ,12032  ,12395  ,0
bzl     ,Kapelle-Biezelinge             ,12032  ,12395  ,0
cas     ,Castricum                      ,12032  ,12395  ,0
chamb   ,Chambery                       ,12032  ,12395  ,0
chur    ,Chur                           ,12032  ,12395  ,0
ck      ,Cuijk                          ,12032  ,12395  ,0
cl      ,Culemborg                      ,12032  ,12395  ,0
co      ,Coevorden                      ,12032  ,12395  ,0
cpbr    ,Capelsebrug                    ,12168  ,12395  ,0
cps     ,Capelle Schollevaar            ,12032  ,12395  ,0
cvm     ,Chevremont                     ,12032  ,12395  ,0
da      ,Daarlerveen                    ,12032  ,12395  ,0
db      ,Driebergen-Zeist               ,12032  ,12395  ,0
ddn     ,Delden                         ,12032  ,12395  ,0
ddr     ,Dordrecht                      ,12032  ,12395  ,0
ddrs    ,Dordrecht Stadspolders         ,12032  ,12395  ,0
ddzd    ,Dordrecht Zuid                 ,12032  ,12395  ,0
decin   ,Decin hl.n.                    ,12032  ,12395  ,0
dei     ,Deinum                         ,12032  ,12395  ,0
did     ,Didam                          ,12032  ,12395  ,0
dl      ,Dalfsen                        ,12032  ,12395  ,0
dld     ,Den Dolder                     ,12032  ,12395  ,0
dln     ,Dalen                          ,12032  ,12395  ,0
dmn     ,Diemen                         ,12032  ,12395  ,0
dmnz    ,Diemen Zuid                    ,12032  ,12395  ,0
dmp     ,Driemanspolder                 ,12032  ,12395  ,0
dn      ,Deurne                         ,12032  ,12395  ,0
dnw     ,Drunen (NS-bus)                ,12032  ,12395  ,0
domod   ,Domodossola                    ,12032  ,12395  ,0
dr      ,Dieren                         ,12032  ,12395  ,0
dresd   ,Dresden Hbf                    ,12032  ,12395  ,0
dresdn  ,Dresden-Neustadt               ,12032  ,12395  ,0
drh     ,Driehuis                       ,12032  ,12395  ,0
dron    ,Dronten                        ,12032  ,12395  ,0
drp     ,Dronryp                        ,12032  ,12395  ,0
dt      ,Delft                          ,12032  ,12395  ,0
dtc     ,Doetinchem                     ,12032  ,12395  ,0
dtch    ,Doetinchem De Huet             ,12032  ,12395  ,0
dtcp    ,Delft Campus                   ,12032  ,12395  ,0
duisb   ,Duisburg Hbf                   ,12032  ,12395  ,0
dussel  ,Dusseldorf Hbf                 ,12032  ,12395  ,0
dv      ,Deventer                       ,12032  ,12395  ,0
dvc     ,Deventer Colmschate            ,12032  ,12395  ,0
dvd     ,Duivendrecht                   ,12032  ,12395  ,0
dvn     ,Duiven                         ,12032  ,12395  ,0
dvnk    ,De Vink                        ,12032  ,12395  ,0
dwe     ,De Westereen                   ,12032  ,12395  ,0
dz      ,Delfzijl                       ,12032  ,12395  ,0
dzw     ,Delfzijl West                  ,12032  ,12395  ,0
eabg    ,Altenberge                     ,12032  ,12395  ,0
eahs    ,Ahaus                          ,12032  ,12395  ,0
ebbs    ,Ebbsfleet International        ,12032  ,12395  ,0
ebeo    ,Boenen                         ,12032  ,12395  ,0
ebft    ,Steinfurt-Burgsteinfurt        ,12032  ,12395  ,0
ebgo    ,Steinfurt-Borghorst            ,12032  ,12395  ,0
ebok    ,Bork (Westf)                   ,12032  ,12395  ,0
ec      ,Echt                           ,12032  ,12395  ,0
ecmf    ,Coesfeld (Westf)               ,12032  ,12395  ,0
ed      ,Ede-Wageningen                 ,12032  ,12395  ,0
edc     ,Ede Centrum                    ,12032  ,12395  ,0
edd     ,Dortmund-Derne                 ,12032  ,12395  ,0
edf     ,Eilendorf                      ,12032  ,12395  ,0
edkd    ,Dortmund-Kirchderne            ,12032  ,12395  ,0
edn     ,Eijsden                        ,12032  ,12395  ,0
edo     ,Dortmund Hbf                   ,12032  ,12395  ,0
edulh   ,Dulmen                         ,12032  ,12395  ,0
eem     ,Eemshaven                      ,12032  ,12395  ,0
eenp    ,Ennepetal                      ,12032  ,12395  ,0
eepe    ,Epe (Westf)                    ,12032  ,12395  ,0
egh     ,Eygelshoven                    ,12032  ,12395  ,0
eghm    ,Eygelshoven Markt              ,12032  ,12395  ,0
egrk    ,Steinfurt-Grottenkamp          ,12032  ,12395  ,0
ehai    ,Eindhoven Airport              ,12032  ,12395  ,0
ehs     ,Eindhoven Strijp-S             ,12032  ,12395  ,0
ehst    ,Eindhoven Stadion              ,12032  ,12395  ,0
ehv     ,Eindhoven Centraal             ,12032  ,12395  ,0
ehw     ,Rosendahl-Holtwick             ,12032  ,12395  ,0
ehzw    ,Holzwickede                    ,12032  ,12395  ,0
ekz     ,Enkhuizen                      ,12032  ,12395  ,0
el      ,Emmerich-Elten                 ,12032  ,12395  ,0
eldh    ,Ludinghausen                   ,12032  ,12395  ,0
elet    ,Lette (Kr Coesfeld)            ,12032  ,12395  ,0
elgd    ,Legden                         ,12032  ,12395  ,0
elue    ,Lunen Hbf                      ,12032  ,12395  ,0
em      ,Emmerich                       ,12032  ,12395  ,0
emg     ,Emmerich Grens                 ,12032  ,12395  ,0
eml     ,Ermelo                         ,12032  ,12395  ,0
emn     ,Emmen                          ,12032  ,12395  ,0
emnz    ,Emmen Zuid                     ,12032  ,12395  ,0
emte    ,Metelen Land                   ,12032  ,12395  ,0
enbe    ,Munster-Hager                  ,12032  ,12395  ,0
enhf    ,Munster (W) Zentrum Nord       ,12032  ,12395  ,0
enow    ,Nordwalde                      ,12032  ,12395  ,0
eop     ,Ochtrup                        ,12032  ,12395  ,0
epra    ,Praest                         ,12032  ,12395  ,0
eprn    ,Preussen                       ,12032  ,12395  ,0
eras    ,Erasmus uni. (NS-bus)          ,12032  ,12395  ,0
es      ,Enschede                       ,12032  ,12395  ,0
eschn   ,Eschweiler-Nothberg            ,12032  ,12395  ,0
escht   ,Eschweiler Talbahnhof          ,12032  ,12395  ,0
eschw   ,Eschweiler-West                ,12032  ,12395  ,0
ese     ,Enschede De Eschmarke          ,12032  ,12395  ,0
eseb    ,Selm-Beifang                   ,12032  ,12395  ,0
esem    ,Selm                           ,12032  ,12395  ,0
esk     ,Enschede Kennispark            ,12032  ,12395  ,0
esn     ,Essen (B)                      ,12032  ,12395  ,0
esrt    ,Schwerte (Ruhr)                ,12032  ,12395  ,0
est     ,Elst                           ,12032  ,12395  ,0
etn     ,Etten-Leur                     ,12032  ,12395  ,0
eun     ,Unna                           ,12032  ,12395  ,0
eweis   ,Eschweiler-Weisweiler          ,12032  ,12395  ,0
fbnl    ,Brussels Airport - Zaventem    ,12032  ,12395  ,0
fbr     ,Beveren                        ,12032  ,12395  ,0
fdp     ,Duffel                         ,12032  ,12395  ,0
feldh   ,Feldhausen                     ,12032  ,12395  ,0
fffm    ,Frankfurt (M) Hbf              ,12032  ,12395  ,0
ffs     ,Frankfurt (Main) Sud           ,12032  ,12395  ,0
fgsp    ,Gent -St .Pieters              ,12032  ,12395  ,0
fhs     ,Hasselt                        ,12032  ,12395  ,0
fie     ,Bilzen                         ,12032  ,12395  ,0
fki     ,Kontich                        ,12032  ,12395  ,0
fkth    ,Kalmthout                      ,12032  ,12395  ,0
flb     ,Limburg Sud                    ,12032  ,12395  ,0
flensb  ,Flensburg                      ,12032  ,12395  ,0
flgp    ,Liege-Saint-Lambert            ,12032  ,12395  ,0
flj     ,Liege-Carre                    ,12032  ,12395  ,0
flk     ,Lokeren                        ,12032  ,12395  ,0
fmb     ,Boom                           ,12032  ,12395  ,0
fmz     ,Mainz Hbf                      ,12032  ,12395  ,0
fn      ,Franeker                       ,12032  ,12395  ,0
fnaf    ,Frankfurt Flughafen Fernb      ,12032  ,12395  ,0
fnu     ,Nieuwkerken-Waas               ,12032  ,12395  ,0
fnzd    ,Antwerpen-Zuid                 ,12032  ,12395  ,0
foe     ,Hoboken-Polder                 ,12032  ,12395  ,0
fr      ,Brugge                         ,12032  ,12395  ,0
frp     ,Puurs                          ,12032  ,12395  ,0
fsn     ,Sint-Niklaas                   ,12032  ,12395  ,0
fsv     ,Ruisbroek-Sauvegarde           ,12032  ,12395  ,0
ftg     ,Tongeren                       ,12032  ,12395  ,0
fvs     ,Vise                           ,12032  ,12395  ,0
fvsg    ,Vise Grens                     ,12032  ,12395  ,0
fwa     ,Sint-Katelijne-Waver           ,12032  ,12395  ,0
fwd     ,Feanwalden                     ,12032  ,12395  ,0
g       ,Gronau Westf                   ,12032  ,12395  ,0
gbg     ,Gramsbergen                    ,12032  ,12395  ,0
gbr     ,Glanerbrug                     ,12032  ,12395  ,0
gd      ,Gouda                          ,12032  ,12395  ,0
gdg     ,Gouda Goverwelle               ,12032  ,12395  ,0
gdm     ,Geldermalsen                   ,12032  ,12395  ,0
gdp     ,Diepenbeek                     ,12032  ,12395  ,0
gdr     ,Gaanderen                      ,12032  ,12395  ,0
geisl   ,Geislingen                     ,12032  ,12395  ,0
gerp    ,Groningen Europapark           ,12032  ,12395  ,0
gk      ,Grijpskerk                     ,12032  ,12395  ,0
gkt     ,Kijkuit                        ,12032  ,12395  ,0
gln     ,Geleen Oost                    ,12032  ,12395  ,0
gmd     ,Mortsel-Deurnesteenweg         ,12032  ,12395  ,0
gmog    ,Mortsel-Oude God               ,12032  ,12395  ,0
gn      ,Groningen                      ,12032  ,12395  ,0
gnd     ,Hardinxveld-Giessendam         ,12032  ,12395  ,0
gnn     ,Groningen Noord                ,12032  ,12395  ,0
go      ,Goor                           ,12032  ,12395  ,0
gp      ,Geldrop                        ,12032  ,12395  ,0
gr      ,Gorinchem                      ,12032  ,12395  ,0
gs      ,Goes                           ,12032  ,12395  ,0
gsb     ,Berlin-Gesundbrunnen           ,12032  ,12395  ,0
gv      ,Den Haag HS                    ,12032  ,12395  ,0
gvc     ,Den Haag Centraal              ,12032  ,12395  ,0
gvm     ,Den Haag Mariahoeve            ,12032  ,12395  ,0
gvmw    ,Den Haag Moerwijk              ,12032  ,12395  ,0
gw      ,Grou-Jirnsum                   ,12032  ,12395  ,0
gwd     ,Wildert                        ,12032  ,12395  ,0
gz      ,Gilze-Rijen                    ,12032  ,12395  ,0
had     ,Heemstede-Aerdenhout           ,12032  ,12395  ,0
hagen   ,Hagen Hbf                      ,12032  ,12395  ,0
halle   ,Halle (Saale) Hbf              ,12032  ,12395  ,0
hamh    ,Hamburg Hbf                    ,12032  ,12395  ,0
hamm    ,Hamm (Westf.)                  ,12032  ,12395  ,0
hann    ,Hannover Hbf                   ,12032  ,12395  ,0
hassel  ,Hasselt (oud)                  ,12032  ,9112  ,0
hb      ,Hoensbroek                     ,12032  ,12395  ,0
hbzm    ,Hardinxveld Blauwe Zoom        ,12032  ,12395  ,0
hd      ,Harderwijk                     ,12032  ,12395  ,0
hdb     ,Hardenberg                     ,12032  ,12395  ,0
hde     ,Harde ('t)                     ,12032  ,12395  ,0
hdg     ,Hurdegaryp                     ,12032  ,12395  ,0
hdr     ,Den Helder                     ,12032  ,12395  ,0
hdrh    ,Den Helder Haven               ,12032  ,12395  ,0
hdrz    ,Den Helder Zuid                ,12032  ,12395  ,0
hfd     ,Hoofddorp                      ,12032  ,12395  ,0
hgl     ,Hengelo                        ,12032  ,12395  ,0
hglg    ,Hengelo Gezondheidspark        ,12032  ,12395  ,0
hglo    ,Hengelo Oost                   ,12032  ,12395  ,0
hgv     ,Hoogeveen                      ,12032  ,12395  ,0
hgz     ,Hoogezand-Sappemeer            ,12032  ,12395  ,0
hil     ,Hillegom                       ,12032  ,12395  ,0
hk      ,Heemskerk                      ,12032  ,12395  ,0
hks     ,Hoogkarspel                    ,12032  ,12395  ,0
hlg     ,Harlingen                      ,12032  ,12395  ,0
hlgh    ,Harlingen Haven                ,12032  ,12395  ,0
hlm     ,Haarlem                        ,12032  ,12395  ,0
hlms    ,Haarlem Spaarnwoude            ,12032  ,12395  ,0
hlo     ,Heiloo                         ,12032  ,12395  ,0
hloov   ,Heiloo OV halte                ,12032  ,12395  ,0
hm      ,Helmond                        ,12032  ,12395  ,0
hmbh    ,Helmond Brouwhuis              ,12032  ,12395  ,0
hmbv    ,Helmond Brandevoort            ,12032  ,12395  ,0
hmh     ,Helmond 't Hout                ,12032  ,12395  ,0
hmn     ,Hemmen-Dodewaard               ,12032  ,12395  ,0
hn      ,Hoorn                          ,12032  ,12395  ,0
hnk     ,Hoorn Kersenboogerd            ,12032  ,12395  ,0
hno     ,Heino                          ,12032  ,12395  ,0
hnp     ,Hindeloopen                    ,12032  ,12395  ,0
hon     ,Holten                         ,12032  ,12395  ,0
hopf    ,Hopfgarten                     ,12032  ,12395  ,0
hor     ,Hollandsche Rading             ,12032  ,12395  ,0
hr      ,Heerenveen                     ,12032  ,12395  ,0
hrl     ,Heerlen                        ,12032  ,12395  ,0
hrlw    ,Heerlen Woonboulevard          ,12032  ,12395  ,0
hrn     ,Haren                          ,12032  ,12395  ,0
hrnt    ,Haren Transferium              ,12032  ,12395  ,0
hrt     ,Horst-Sevenum                  ,12032  ,12395  ,0
hry     ,Heerenveen IJsstadion          ,12032  ,12395  ,0
ht      ,Hertogenbosch ('s)             ,12032  ,12395  ,0
htn     ,Houten                         ,12032  ,12395  ,0
htnc    ,Houten Castellum               ,12032  ,12395  ,0
hto     ,Hertogenb ('s) Oost            ,12032  ,12395  ,0
hvl     ,Hoevelaken                     ,12032  ,12395  ,0
hvs     ,Hilversum                      ,12032  ,12395  ,0
hvsm    ,Hilversum Media Park           ,12032  ,12395  ,0
hvsp    ,Hilversum Sportpark            ,12032  ,12395  ,0
hwd     ,Heerhugowaard                  ,12032  ,12395  ,0
hwob    ,Wolfsburg Hbf                  ,12032  ,12395  ,0
hwzb    ,Halfweg-Zwanenburg             ,12032  ,12395  ,0
hz      ,Herzogenrath                   ,12032  ,12395  ,0
hze     ,Heeze                          ,12032  ,12395  ,0
ijt     ,IJlst                          ,12032  ,12395  ,0
innsb   ,Innsbruck Hbf                  ,12032  ,12395  ,0
jenbac  ,Jenbach                        ,12032  ,12395  ,0
karlsr  ,Karlsruhe Hbf                  ,12032  ,12395  ,0
kbd     ,Krabbendijke                   ,12032  ,12395  ,0
kbk     ,Klarenbeek                     ,12032  ,12395  ,0
kboi    ,Boisheim                       ,12032  ,12395  ,0
kbry    ,Breyell                        ,12032  ,12395  ,0
kdffh   ,Dusseldorf Flughafen           ,12032  ,12395  ,0
kdr     ,Duren                          ,12032  ,12395  ,0
kdul    ,Dulken                         ,12032  ,12395  ,0
kirchb  ,Kirchberg in Tirol             ,12032  ,12395  ,0
kitzb   ,Kitzbuhel                      ,12032  ,12395  ,0
kkd     ,Koln Messe/Deutz               ,12032  ,12395  ,0
kkdgl   ,Koeln-Deutz Gleis 11-12        ,12032  ,12395  ,0
kkerp   ,Koln-Ehrenfeld                 ,12032  ,12395  ,0
kko     ,Koblenz Hbf                    ,12032  ,12395  ,0
kkw     ,Koln West                      ,12032  ,12395  ,0
klp     ,Veenendaal-De Klomp            ,12032  ,12395  ,0
kma     ,Krommenie-Assendelft           ,12032  ,12395  ,0
kmb     ,Montabaur                      ,12032  ,12395  ,0
kmr     ,Klimmen-Ransdaal               ,12032  ,12395  ,0
kmw     ,Koudum-Molkwerum               ,12032  ,12395  ,0
kn      ,Kaldenkirchen                  ,12032  ,12395  ,0
koben   ,K›benhavn Hovedb.              ,12032  ,12395  ,0
kohl    ,Kohlscheid                     ,12032  ,12395  ,0
kold    ,Kolding                        ,12032  ,12395  ,0
koln    ,Koln Hbf                       ,12032  ,12395  ,0
konin   ,Konin                          ,12032  ,12395  ,0
kpn     ,Kampen                         ,12032  ,12395  ,0
kpnz    ,Kampen Zuid                    ,12032  ,12395  ,0
krd     ,Kerkrade Centrum               ,12032  ,12395  ,0
krg     ,Kruiningen-Yerseke             ,12032  ,12395  ,0
ksb     ,Siegburg                       ,12032  ,12395  ,0
kswe    ,Schwelm                        ,12032  ,12395  ,0
ktr     ,Kesteren                       ,12032  ,12395  ,0
kufst   ,Kufstein                       ,12032  ,12395  ,0
kutno   ,Kutno                          ,12032  ,12395  ,0
kw      ,Kropswolde                     ,12032  ,12395  ,0
kwba    ,Wuppertal-Barmen               ,12032  ,12395  ,0
kwo     ,Wuppertal Oberbarmen           ,12032  ,12395  ,0
kz      ,Koog aan de Zaan               ,12032  ,12395  ,0
laa     ,Den Haag Laan v NOI            ,12032  ,12395  ,0
land    ,Landeck                        ,12032  ,12395  ,0
landq   ,Landquart                      ,12032  ,12395  ,0
landry  ,Landry                         ,12032  ,12395  ,0
lang    ,Langerwehe                     ,12032  ,12395  ,0
lc      ,Lochem                         ,12032  ,12395  ,0
ldl     ,Leiden Lammenschans            ,12032  ,12395  ,0
ldm     ,Leerdam                        ,12032  ,12395  ,0
ldv     ,Leidschendam-Voorburg          ,12032  ,12395  ,0
ledn    ,Leiden Centraal                ,12032  ,12395  ,0
ledt    ,Leiden Transferium             ,12032  ,12395  ,0
leer    ,Leer (Ostfriesl)               ,12032  ,12395  ,0
leuven  ,Leuven                         ,12032  ,12395  ,0
lg      ,Landgraaf                      ,12032  ,12395  ,0
lgl     ,Glons                          ,12032  ,12395  ,0
lhs     ,Herstal                        ,12032  ,12395  ,0
lillee  ,Lille Europe                   ,12032  ,12395  ,0
linz    ,Linz Hbf                       ,12032  ,12395  ,0
livor   ,Livorno C                      ,12032  ,12395  ,0
lkm     ,Hemiksem                       ,12032  ,12395  ,0
lkp     ,Kapellen                       ,12032  ,12395  ,0
lkr     ,Ekeren                         ,12032  ,12395  ,0
llb     ,Belsele                        ,12032  ,12395  ,0
lls     ,Lelystad Centrum               ,12032  ,12395  ,0
llzm    ,Lansingerland-Zoetermeer       ,12032  ,12395  ,0
lm      ,Melsele                        ,12032  ,12395  ,0
lni     ,Niel                           ,12032  ,12395  ,0
lnk     ,Mechelen-Nekkerspoel           ,12032  ,12395  ,0
londs   ,London St.Pancras_oud          ,12032  ,12395  ,0
lp      ,Loppersum                      ,12032  ,12395  ,0
lrw     ,Rathenow                       ,12032  ,12395  ,0
ls      ,Stendal                        ,12032  ,12395  ,0
lsl     ,Liers                          ,12032  ,12395  ,0
lsw     ,Sinaai                         ,12032  ,12395  ,0
ltn     ,Lunteren                       ,12032  ,12395  ,0
ltv     ,Lichtenvoorde-Groenlo          ,12032  ,12395  ,0
luik    ,Liege-Guillemins               ,12032  ,12395  ,0
luikj   ,Liege-Jonfosse                 ,12032  ,12395  ,0
luikp   ,Liege-Palais                   ,12032  ,12395  ,0
lut     ,Geleen-Lutterade               ,12032  ,12395  ,0
lw      ,Leeuwarden                     ,12032  ,12395  ,0
lwc     ,Leeuwarden Camminghaburen      ,12032  ,12395  ,0
lzd     ,Zwijndrecht (B)                ,12032  ,12395  ,0
ma      ,Augsburg Hbf                   ,12032  ,12395  ,0
magdeb  ,Magdeburg Hbf                  ,12032  ,12395  ,0
mannhe  ,Mannheim Hbf                   ,12032  ,12395  ,0
maria   ,Sint-Mariaburg                 ,12032  ,12395  ,0
marne   ,Marne-la-Vallee-Chessy         ,12032  ,12395  ,0
mars    ,Marseille-St-Charles           ,12032  ,12395  ,0
mas     ,Maarssen                       ,12032  ,12395  ,0
mcgb    ,Monchengladbach Hbf            ,12032  ,12395  ,0
mdb     ,Middelburg                     ,12032  ,12395  ,0
mech    ,Mechelen                       ,12032  ,12395  ,0
mes     ,Meerssen                       ,12032  ,12395  ,0
mg      ,Mantgum                        ,12032  ,12395  ,0
mgzb    ,Gunzburg                       ,12032  ,12395  ,0
mho     ,Hove                           ,12032  ,12395  ,0
mhv     ,Maashaven                      ,12032  ,12395  ,0
mid     ,Heide (B)                      ,12032  ,12395  ,0
minden  ,Minden (Westf)                 ,12032  ,12395  ,0
mmlh    ,Mook-Molenhoek                 ,12032  ,12395  ,0
mout    ,Moutiers-Salins-Brides         ,12032  ,12395  ,0
mp      ,Meppel                         ,12032  ,12395  ,0
mrb     ,Marienberg                     ,12032  ,12395  ,0
mrn     ,Maarn                          ,12032  ,12395  ,0
mt      ,Maastricht                     ,12032  ,12395  ,0
mth     ,Martenshoek                    ,12032  ,12395  ,0
mtn     ,Maastricht Noord               ,12032  ,12395  ,0
mtr     ,Maastricht Randwyck            ,12032  ,12395  ,0
munchh  ,Munchen Hbf                    ,12032  ,12395  ,0
munst   ,Munster (Westf) Hbf            ,12032  ,12395  ,0
mz      ,Maarheeze                      ,12032  ,12395  ,0
na      ,Nieuw Amsterdam                ,12032  ,12395  ,0
ndb     ,Naarden-Bussum                 ,12032  ,12395  ,0
ndkp    ,Noorderkempen                  ,12032  ,12395  ,0
neumu   ,Neumunster                     ,12032  ,12395  ,0
neuss   ,Neuss Hbf                      ,12032  ,12395  ,0
nh      ,Nuth                           ,12032  ,12395  ,0
nkk     ,Nijkerk                        ,12032  ,12395  ,0
nm      ,Nijmegen                       ,12032  ,12395  ,0
nmd     ,Nijmegen Dukenburg             ,12032  ,12395  ,0
nmgo    ,Nijmegen Goffert               ,12032  ,12395  ,0
nmh     ,Nijmegen Heyendaal             ,12032  ,12395  ,0
nml     ,Nijmegen Lent                  ,12032  ,12395  ,0
ns      ,Nunspeet                       ,12032  ,12395  ,0
nsch    ,Bad Nieuweschans               ,12032  ,12395  ,0
nurnb   ,Nurnberg Hbf                   ,12032  ,12395  ,0
nvd     ,Nijverdal                      ,12032  ,12395  ,0
nvp     ,Nieuw Vennep                   ,12032  ,12395  ,0
nwk     ,Nieuwerkerk ad IJssel          ,12032  ,12395  ,0
o       ,Oss                            ,12032  ,12395  ,0
obd     ,Obdam                          ,12032  ,12395  ,0
oberh   ,Oberhausen Hbf                 ,12032  ,12395  ,0
oberhs  ,Oberhausen-Sterkrade           ,12032  ,12395  ,0
odb     ,Oudenbosch                     ,12032  ,12395  ,0
odens   ,Odense                         ,12032  ,12395  ,0
odz     ,Oldenzaal                      ,12032  ,12395  ,0
oetz    ,Otztal                         ,12032  ,12395  ,0
oeynh   ,Bad Oeynhausen                 ,12032  ,12395  ,0
omn     ,Ommen                          ,12032  ,12395  ,0
op      ,Opheusden                      ,12032  ,12395  ,0
osnh    ,Osnabruck Hbf                  ,12032  ,12395  ,0
ost     ,Olst                           ,12032  ,12395  ,0
ot      ,Oisterwijk                     ,12032  ,12395  ,0
otb     ,Oosterbeek                     ,12032  ,12395  ,0
ovn     ,Overveen                       ,12032  ,12395  ,0
ow      ,Oss West                       ,12032  ,12395  ,0
padb    ,Padborg                        ,12032  ,12395  ,0
paris   ,Paris-Nord                     ,12032  ,12395  ,0
pass    ,Passau Hbf                     ,12032  ,12395  ,0
pmo     ,Purmerend Overwhere            ,12032  ,12395  ,0
pmr     ,Purmerend                      ,12032  ,12395  ,0
pmw     ,Purmerend Weidevenne           ,12032  ,12395  ,0
pnk     ,Pijnacker                      ,12032  ,12395  ,0
polten  ,St. Polten Hbf                 ,12032  ,12395  ,0
pozn    ,Poznan Gl                      ,12032  ,12395  ,0
praha   ,Praha hl.n.                    ,12032  ,12395  ,0
prahol  ,Praha-Holesovice               ,12032  ,12395  ,0
pt      ,Putten                         ,12032  ,12395  ,0
pulh    ,Pulheim                        ,12032  ,12395  ,0
rai     ,Amsterdam RAI                  ,12032  ,12395  ,0
rat     ,Raalte                         ,12032  ,12395  ,0
rb      ,Rilland-Bath                   ,12032  ,12395  ,0
rbb     ,Baden-Baden                    ,12032  ,12395  ,0
rd      ,Roodeschool                    ,12032  ,12395  ,0
rdr     ,Berkel en Rodenrijs            ,12032  ,12395  ,0
regenb  ,Regensburg Hbf                 ,12032  ,12395  ,0
rf      ,Freiburg (Breisgau) Hbf        ,12032  ,12395  ,0
rh      ,Rheden                         ,12032  ,12395  ,0
rheine  ,Rheine                         ,12032  ,12395  ,0
rhn     ,Rhenen                         ,12032  ,12395  ,0
rl      ,Ruurlo                         ,12032  ,12395  ,0
rlb     ,Rotterdam Lombardijen          ,12032  ,12395  ,0
rm      ,Roermond                       ,12032  ,12395  ,0
ro      ,Offenburg                      ,12032  ,12395  ,0
romm    ,Rommerskirchen                 ,12032  ,12395  ,0
rosenh  ,Rosenheim                      ,12032  ,12395  ,0
roskil  ,Roskilde                       ,12032  ,12395  ,0
rs      ,Rosmalen                       ,12032  ,12395  ,0
rsd     ,Roosendaal                     ,12032  ,12395  ,0
rsdg    ,Roosendaal grens               ,12032  ,12395  ,0
rsn     ,Rijssen                        ,12032  ,12395  ,0
rsw     ,Rijswijk                       ,12032  ,12395  ,0
rta     ,Rotterdam Alexander            ,12032  ,12395  ,0
rtb     ,Rotterdam Blaak                ,12032  ,12395  ,0
rtd     ,Rotterdam Centraal             ,12032  ,12395  ,0
rtn     ,Rotterdam Noord                ,12032  ,12395  ,0
rtst    ,Rotterdam Stadion              ,12032  ,12395  ,0
rtz     ,Rotterdam Zuid                 ,12032  ,12395  ,0
rv      ,Reuver                         ,12032  ,12395  ,0
rvs     ,Ravenstein                     ,12032  ,12395  ,0
rzepin  ,Rzepin                         ,12032  ,12395  ,0
saalf   ,Saalfelden                     ,12032  ,12395  ,0
sbk     ,Spaubeek                       ,12032  ,12395  ,0
schlad  ,Schladming                     ,12032  ,12395  ,0
schll   ,Schelle                        ,12032  ,12395  ,0
schwar  ,Schwarzach-St. Veit            ,12032  ,12395  ,0
sd      ,Soestdijk                      ,12032  ,12395  ,0
sda     ,Scheemda                       ,12032  ,12395  ,0
sdm     ,Schiedam Centrum               ,12032  ,12395  ,0
sdt     ,Sliedrecht                     ,12032  ,12395  ,0
sdtb    ,Sliedrecht Baanhoek            ,12032  ,12395  ,0
sgl     ,Houthem-St. Gerlach            ,12032  ,12395  ,0
sgn     ,Schagen                        ,12032  ,12395  ,0
shl     ,Schiphol Airport               ,12032  ,12395  ,0
sk      ,Sneek                          ,12032  ,12395  ,0
sknd    ,Sneek Noord                    ,12032  ,12395  ,0
sm      ,Swalmen                        ,12032  ,12395  ,0
sn      ,Schinnen                       ,12032  ,12395  ,0
sog     ,Schin op Geul                  ,12032  ,12395  ,0
sptn    ,Santpoort Noord                ,12032  ,12395  ,0
sptz    ,Santpoort Zuid                 ,12032  ,12395  ,0
srn     ,Susteren                       ,12032  ,12395  ,0
ssh     ,Sassenheim                     ,12032  ,12395  ,0
st      ,Soest                          ,12032  ,12395  ,0
std     ,Sittard                        ,12032  ,12395  ,0
stjoh   ,St. Johann in Tirol            ,12032  ,12395  ,0
stjohp  ,St. Johann im Pongau           ,12032  ,12395  ,0
stm     ,Stedum                         ,12032  ,12395  ,0
sto     ,Stroe                          ,12032  ,12395  ,0
stola   ,Stolberg Altstadt              ,12032  ,12395  ,0
stolb   ,Stolberg Hbf                   ,12032  ,12395  ,0
stolmb  ,Stolberg Muhlener bahnhof      ,12032  ,12395  ,0
stolr   ,Stolberg Rathaus               ,12032  ,12395  ,0
stolsm  ,Stolberg Schneidemuhle         ,12032  ,12395  ,0
stomm   ,Stommeln                       ,12032  ,12395  ,0
stp     ,London St. Pancras Int.        ,12032  ,12395  ,0
stv     ,Stavoren                       ,12032  ,12395  ,0
stz     ,Soest Zuid                     ,12032  ,12395  ,0
swd     ,Sauwerd                        ,12032  ,12395  ,0
swk     ,Steenwijk                      ,12032  ,12395  ,0
tb      ,Tilburg                        ,12032  ,12395  ,0
tbg     ,Terborg                        ,12032  ,12395  ,0
tbr     ,Tilburg Reeshof                ,12032  ,12395  ,0
tbu     ,Tilburg Universiteit           ,12032  ,12395  ,0
tg      ,Tegelen                        ,12032  ,12395  ,0
tgo     ,Goppingen                      ,12032  ,12395  ,0
tl      ,Tiel                           ,12032  ,12395  ,0
tp      ,Plochingen                     ,12032  ,12395  ,0
tpsw    ,Tiel Passewaaij                ,12032  ,12395  ,0
ts      ,Stuttgart Hbf                  ,12032  ,12395  ,0
tu      ,Ulm Hbf                        ,12032  ,12395  ,0
tud     ,TU-Delft (NS-bus)              ,12032  ,12395  ,0
twl     ,Twello                         ,12032  ,12395  ,0
uhm     ,Uithuizermeeden                ,12032  ,12395  ,0
uhz     ,Uithuizen                      ,12032  ,12395  ,0
urk     ,Urk                            ,12032  ,12395  ,0
ust     ,Usquert                        ,12032  ,12395  ,0
usti    ,Usti nad Labem                 ,12032  ,12395  ,0
ut      ,Utrecht Centraal               ,12032  ,12395  ,0
utg     ,Uitgeest                       ,12032  ,12395  ,0
utln    ,Utrecht Lunetten               ,12032  ,12395  ,0
utlr    ,Utrecht Leidsche Rijn          ,12032  ,12395  ,0
utm     ,Utrecht Maliebaan              ,12032  ,12395  ,0
uto     ,Utrecht Overvecht              ,12032  ,12395  ,0
utt     ,Utrecht Terwijde               ,12032  ,12395  ,0
utu     ,Utrecht Uithof (NS-bus)        ,12032  ,12395  ,0
utvr    ,Utrecht Vaartsche Rijn         ,12032  ,12395  ,0
utzl    ,Utrecht Zuilen                 ,12032  ,12395  ,0
valtgv  ,Valence TGV                    ,12032  ,12395  ,0
vb      ,Voorburg                       ,12032  ,12395  ,0
vbl     ,Voorburg t Loo                 ,12032  ,12395  ,0
vd      ,Vorden                         ,12032  ,12395  ,0
vdl     ,Voerendaal                     ,12032  ,12395  ,0
vdm     ,Veendam                        ,12032  ,12395  ,0
veg     ,Veghel (NS-bus)                ,12032  ,12395  ,0
vem     ,Voorst-Empe                    ,12032  ,12395  ,0
vg      ,Vught                          ,12032  ,12395  ,0
vh      ,Voorhout                       ,12032  ,12395  ,0
vhp     ,Vroomshoop                     ,12032  ,12395  ,0
viers   ,Viersen                        ,12032  ,12395  ,0
vijfsl  ,Vijfsluizen                    ,12032  ,5279  ,0
vk      ,Valkenburg                     ,12032  ,12395  ,0
vl      ,Venlo                          ,12032  ,12395  ,0
vlb     ,Vierlingsbeek                  ,12032  ,12395  ,0
vlgr    ,Venlo Grens                    ,12032  ,12395  ,0
vmw     ,Amsterdam Van der Madeweg      ,12032  ,12395  ,0
vndc    ,Veenendaal Centrum             ,12032  ,12395  ,0
vndw    ,Veenendaal West                ,12032  ,12395  ,0
vp      ,Velp                           ,12032  ,12395  ,0
vry     ,Venray                         ,12032  ,12395  ,0
vs      ,Vlissingen                     ,12032  ,12395  ,0
vss     ,Vlissingen Souburg             ,12032  ,12395  ,0
vst     ,Voorschoten                    ,12032  ,12395  ,0
vsv     ,Varsseveld                     ,12032  ,12395  ,0
vtn     ,Vleuten                        ,12032  ,12395  ,0
vwd     ,Veenwouden                     ,12032  ,12395  ,0
vz      ,Vriezenveen                    ,12032  ,12395  ,0
wad     ,Waddinxveen                    ,12032  ,12395  ,0
wadn    ,Waddinxveen Noord              ,12032  ,12395  ,0
wadt    ,Waddinxveen Triangel           ,12032  ,12395  ,0
warsaw  ,Warszawa Wschodnia             ,12032  ,12395  ,0
wbf     ,Wien Hbf                       ,12032  ,12395  ,0
wc      ,Wijchen                        ,12032  ,12395  ,0
wd      ,Woerden                        ,12032  ,12395  ,0
wdn     ,Wierden                        ,12032  ,12395  ,0
wels    ,Wels Hbf                       ,12032  ,12395  ,0
wesel   ,Wesel                          ,12032  ,12395  ,0
wf      ,Wolfheze                       ,12032  ,12395  ,0
wfm     ,Warffum                        ,12032  ,12395  ,0
wh      ,Wijhe                          ,12032  ,12395  ,0
wienh   ,Wien Huetteldorf               ,12032  ,12395  ,0
wienw   ,Wien Westbf                    ,12032  ,12395  ,0
wk      ,Workum                         ,12032  ,12395  ,0
wkb     ,Waalwijk (NS-bus)              ,12032  ,12395  ,0
wl      ,Wehl                           ,12032  ,12395  ,0
wm      ,Wormerveer                     ,12032  ,12395  ,0
worgl   ,Worgl Hbf                      ,12032  ,12395  ,0
wp      ,Weesp                          ,12032  ,12395  ,0
wr      ,Weener                         ,12032  ,12395  ,0
wrg     ,Weener Grens                   ,12032  ,12395  ,0
ws      ,Winschoten                     ,12032  ,12395  ,0
wsm     ,Winsum                         ,12032  ,12395  ,0
wt      ,Weert                          ,12032  ,12395  ,0
wtv     ,Westervoort                    ,12032  ,12395  ,0
wupph   ,Wuppertal Hbf                  ,12032  ,12395  ,0
wuppv   ,Wuppertal-Vohwinkel            ,12032  ,12395  ,0
wurzb   ,Wurzburg Hbf                   ,12032  ,12395  ,0
wv      ,Wolvega                        ,12032  ,12395  ,0
ww      ,Winterswijk                    ,12032  ,12395  ,0
www     ,Winterswijk West               ,12032  ,12395  ,0
wz      ,Wezep                          ,12032  ,12395  ,0
ypb     ,Den Haag Ypenburg              ,12032  ,12395  ,0
za      ,Zetten-Andelst                 ,12032  ,12395  ,0
zb      ,Zuidbroek                      ,12032  ,12395  ,0
zbm     ,Zaltbommel                     ,12032  ,12395  ,0
zd      ,Zaandam                        ,12032  ,12395  ,0
zdk     ,Zaandam Kogerveld              ,12032  ,12395  ,0
zh      ,Zuidhorn                       ,12032  ,12395  ,0
zl      ,Zwolle                         ,12032  ,12395  ,0
zlsh    ,Zwolle Stadshagen              ,12032  ,12395  ,0
zlw     ,Lage Zwaluwe                   ,12032  ,12395  ,0
zp      ,Zutphen                        ,12032  ,12395  ,0
ztm     ,Zoetermeer                     ,12032  ,12395  ,0
ztmo    ,Zoetermeer Oost                ,12032  ,12395  ,0
zue     ,Zurich HB                      ,12032  ,12395  ,0
zv      ,Zevenaar                       ,12032  ,12395  ,0
zvb     ,Zevenbergen                    ,12032  ,12395  ,0
zvt     ,Zandvoort aan Zee              ,12032  ,12395  ,0
zwd     ,Zwijndrecht                    ,12032  ,12395  ,0
zww     ,Zwaagwesteinde                 ,12032  ,12395  ,0
zzs     ,Zaandijk Zaanse Schans         ,12032  ,12395  ,0
